[
{
  "model": "exo_planet.exoplanet",
  "pk": 2,
  "fields": {
    "user": 1,
    "name": "Gaia-1",
    "radius_km": 6800.0,
    "orbit_type": "circular",
    "habitable": true,
    "description": "Ein erdähnlicher Planet mit gemäßigtem Klima."
  }
},
{
  "model": "exo_planet.exoplanet",
  "pk": 3,
  "fields": {
    "user": 1,
    "name": "Aurelia",
    "radius_km": 7200.0,
    "orbit_type": "circular",
    "habitable": true,
    "description": "Möglicherweise bewohnbar"
  }
},
{
  "model": "exo_planet.exoplanet",
  "pk": 4,
  "fields": {
    "user": 1,
    "name": "Kepler-442b",
    "radius_km": 5800.0,
    "orbit_type": "circular",
    "habitable": true,
    "description": "Ein potenziell bewohnbarer Supererde-Planet."
  }
},
{
  "model": "exo_planet.exoplanet",
  "pk": 5,
  "fields": {
    "user": 9,
    "name": "Zentaur-6",
    "radius_km": 68000.0,
    "orbit_type": "elliptical",
    "habitable": false,
    "description": "Gasriese mit stark elliptischer Bahn."
  }
},
{
  "model": "exo_planet.exoplanet",
  "pk": 6,
  "fields": {
    "user": 9,
    "name": "Titanor",
    "radius_km": 55000.0,
    "orbit_type": "elliptical",
    "habitable": false,
    "description": "Stürmische Atmosphäre"
  }
},
{
  "model": "exo_planet.exoplanet",
  "pk": 7,
  "fields": {
    "user": 9,
    "name": "Hades-Prime",
    "radius_km": 72000.0,
    "orbit_type": "elliptical",
    "habitable": false,
    "description": "Liegt weit außerhalb der habitablen Zone."
  }
},
{
  "model": "exo_planet.exoplanet",
  "pk": 8,
  "fields": {
    "user": 10,
    "name": "Xenon-14",
    "radius_km": 3000.0,
    "orbit_type": "hyperbolic",
    "habitable": false,
    "description": "Kleiner Gesteinsbrocken auf hyperbolischer Bahn."
  }
},
{
  "model": "exo_planet.exoplanet",
  "pk": 9,
  "fields": {
    "user": 10,
    "name": "Voidrunner",
    "radius_km": 2200.0,
    "orbit_type": "hyperbolic",
    "habitable": false,
    "description": "Kurzzeitig sichtbar"
  }
},
{
  "model": "exo_planet.exoplanet",
  "pk": 10,
  "fields": {
    "user": 10,
    "name": "Epsilon-Puck",
    "radius_km": 4100.0,
    "orbit_type": "hyperbolic",
    "habitable": false,
    "description": "Trägt gefrorenes Methan in der Atmosphäre."
  }
},
{
  "model": "exo_planet.exoplanet",
  "pk": 11,
  "fields": {
    "user": 11,
    "name": "Nova-Terra",
    "radius_km": 6400.0,
    "orbit_type": "circular",
    "habitable": true,
    "description": ""
  }
},
{
  "model": "exo_planet.exoplanet",
  "pk": 12,
  "fields": {
    "user": 11,
    "name": "Rexilon-5",
    "radius_km": 70000.0,
    "orbit_type": "elliptical",
    "habitable": false,
    "description": "Riesiger Gasplanet ohne Oberfläche."
  }
},
{
  "model": "exo_planet.exoplanet",
  "pk": 13,
  "fields": {
    "user": 11,
    "name": "Hyperos",
    "radius_km": 3400.0,
    "orbit_type": "hyperbolic",
    "habitable": false,
    "description": ""
  }
},
{
  "model": "exo_planet.exoplanet",
  "pk": 14,
  "fields": {
    "user": 11,
    "name": "Aqua-Vitae",
    "radius_km": 6000.0,
    "orbit_type": "circular",
    "habitable": true,
    "description": "Über 70% Wasseroberfläche."
  }
},
{
  "model": "forms.academyapplication",
  "pk": 1,
  "fields": {
    "full_name": "Jean-Luc Picard",
    "email": "bla@bla.de",
    "species": "human",
    "preferred_branch": "command",
    "online_profile": "http://Spok.vulcan",
    "skills": [
      "piloting",
      "combat"
    ],
    "motivation": "Ich bin eiin Franzose",
    "date_of_birth": "2025-06-29",
    "upload_cv": "",
    "agree_to_terms": true,
    "submitted_at": "2025-06-05T10:05:19.189Z"
  }
},
{
  "model": "nerd_forms.villaingear",
  "pk": 1,
  "fields": {
    "owner_alias": "Gogo Yubari",
    "gear_name": "Meteor Hammer",
    "gear_type": "weapon",
    "origin_year": 2001,
    "explosive": false,
    "power_rating": "10.00"
  }
},
{
  "model": "nerd_forms.villaingear",
  "pk": 2,
  "fields": {
    "owner_alias": "Joker",
    "gear_name": "Messer",
    "gear_type": "weapon",
    "origin_year": 2012,
    "explosive": false,
    "power_rating": "5.00"
  }
},
{
  "model": "nerd_forms.villaingear",
  "pk": 3,
  "fields": {
    "owner_alias": "Batman",
    "gear_name": "Batmobil",
    "gear_type": "vehicle",
    "origin_year": 2005,
    "explosive": false,
    "power_rating": "100.00"
  }
},
{
  "model": "nerd_forms.villaingear",
  "pk": 4,
  "fields": {
    "owner_alias": "Batman",
    "gear_name": "Batmobil",
    "gear_type": "vehicle",
    "origin_year": 2005,
    "explosive": false,
    "power_rating": "100.00"
  }
},
{
  "model": "nerd_forms.villaingear",
  "pk": 5,
  "fields": {
    "owner_alias": "Anakin Skywalker",
    "gear_name": "R2D2",
    "gear_type": "robot",
    "origin_year": 2005,
    "explosive": true,
    "power_rating": "500.00"
  }
},
{
  "model": "nerd_forms.villaingear",
  "pk": 6,
  "fields": {
    "owner_alias": "Lord Voldemort",
    "gear_name": "Elder Wand",
    "gear_type": "weapon",
    "origin_year": 2015,
    "explosive": true,
    "power_rating": "10.00"
  }
},
{
  "model": "nerd_forms.villaingear",
  "pk": 7,
  "fields": {
    "owner_alias": "Sauron",
    "gear_name": "One Ring",
    "gear_type": "tool",
    "origin_year": 1999,
    "explosive": false,
    "power_rating": "100.00"
  }
},
{
  "model": "nerd_forms.wandlicense",
  "pk": 1,
  "fields": {
    "full_name": "Harry Potter",
    "birth_date": "1980-07-02",
    "wand_length_cm": "28.0",
    "wand_core": "phoenix",
    "has_dark_mark": true,
    "patronus_description": "Hirsch",
    "license_requested_on": "2025-06-06T08:46:08.686Z",
    "magical_law_acknowledged": true
  }
},
{
  "model": "nerd_forms.wandlicense",
  "pk": 2,
  "fields": {
    "full_name": "Hermione Granger",
    "birth_date": "1979-09-19",
    "wand_length_cm": "27.5",
    "wand_core": "dragon",
    "has_dark_mark": false,
    "patronus_description": "Otter",
    "license_requested_on": "2025-06-06T08:49:11.138Z",
    "magical_law_acknowledged": true
  }
},
{
  "model": "nerd_forms.wandlicense",
  "pk": 3,
  "fields": {
    "full_name": "Ron Weasley",
    "birth_date": "1980-03-01",
    "wand_length_cm": "35.5",
    "wand_core": "unicorn",
    "has_dark_mark": false,
    "patronus_description": "Jack Russel",
    "license_requested_on": "2025-06-06T09:06:07.800Z",
    "magical_law_acknowledged": true
  }
},
{
  "model": "polls.example",
  "pk": 1,
  "fields": {
    "title": "Beispiel 1",
    "content": "Ich bin ein längerer Text",
    "date": "2025-06-02",
    "views_count": 10,
    "is_published": false,
    "gender": "F"
  }
},
{
  "model": "polls.example",
  "pk": 3,
  "fields": {
    "title": "wat soll der spaß",
    "content": "Wadde Hadde Dudde Da",
    "date": "2025-06-02",
    "views_count": 2,
    "is_published": true,
    "gender": "M"
  }
},
{
  "model": "polls.example",
  "pk": 4,
  "fields": {
    "title": "Neues Objekt",
    "content": "ich bin Methode 2 um Datenbank-Einträge zu generieren über Objekt-Instantzierung",
    "date": "2025-06-02",
    "views_count": 10,
    "is_published": false,
    "gender": "F"
  }
},
{
  "model": "polls.example",
  "pk": 5,
  "fields": {
    "title": "Hasenpfote",
    "content": "Da soll doch Text stehen",
    "date": "2025-06-02",
    "views_count": 3,
    "is_published": false,
    "gender": "M"
  }
},
{
  "model": "polls.example",
  "pk": 6,
  "fields": {
    "title": "Schornstein",
    "content": "Da soll doch Text stehen",
    "date": "2025-06-02",
    "views_count": 3,
    "is_published": false,
    "gender": "M"
  }
},
{
  "model": "polls.example",
  "pk": 7,
  "fields": {
    "title": "Test 2",
    "content": "Hipp Hipp Hurra",
    "date": "2025-06-02",
    "views_count": 5,
    "is_published": true,
    "gender": "D"
  }
},
{
  "model": "polls.example",
  "pk": 8,
  "fields": {
    "title": "Admin",
    "content": "Dieser Datenbankeintrag wurde über das Admin Interface von Django hinzugefügt",
    "date": "2025-06-02",
    "views_count": 6,
    "is_published": true,
    "gender": "M"
  }
},
{
  "model": "polls.example",
  "pk": 9,
  "fields": {
    "title": "Tennis",
    "content": "Federer vs Kurnikova",
    "date": "2025-06-02",
    "views_count": 22,
    "is_published": true,
    "gender": "D"
  }
},
{
  "model": "polls.example",
  "pk": 10,
  "fields": {
    "title": "Herkules",
    "content": "Sohn von Zeus, Verachtet von Hera",
    "date": "2025-06-02",
    "views_count": 99,
    "is_published": true,
    "gender": "M"
  }
},
{
  "model": "polls.question",
  "pk": 2,
  "fields": {
    "question_text": "Welcher Planet ist näher an der Sonne",
    "pub_date": "2025-06-02T08:26:14.604Z"
  }
},
{
  "model": "polls.question",
  "pk": 3,
  "fields": {
    "question_text": "Team Edward oder Team Jacob",
    "pub_date": "2025-06-02T08:33:38.976Z"
  }
},
{
  "model": "polls.choice",
  "pk": 4,
  "fields": {
    "question": 2,
    "choice_text": "Merkur",
    "votes": 0
  }
},
{
  "model": "polls.choice",
  "pk": 5,
  "fields": {
    "question": 2,
    "choice_text": "Venus",
    "votes": 0
  }
},
{
  "model": "polls.choice",
  "pk": 6,
  "fields": {
    "question": 2,
    "choice_text": "Mars",
    "votes": 0
  }
},
{
  "model": "polls.choice",
  "pk": 7,
  "fields": {
    "question": 2,
    "choice_text": "Erde",
    "votes": 0
  }
},
{
  "model": "polls.choice",
  "pk": 8,
  "fields": {
    "question": 3,
    "choice_text": "Edward",
    "votes": 0
  }
},
{
  "model": "polls.choice",
  "pk": 9,
  "fields": {
    "question": 3,
    "choice_text": "Jacob",
    "votes": 0
  }
},
{
  "model": "relations.author",
  "pk": 1,
  "fields": {
    "name": "Terry Pratchett"
  }
},
{
  "model": "relations.author",
  "pk": 2,
  "fields": {
    "name": "Christina Henry"
  }
},
{
  "model": "relations.author",
  "pk": 3,
  "fields": {
    "name": "Leigh Bardugo"
  }
},
{
  "model": "relations.author",
  "pk": 4,
  "fields": {
    "name": "Juliet Diaz"
  }
},
{
  "model": "relations.author",
  "pk": 5,
  "fields": {
    "name": "Robert Jordan"
  }
},
{
  "model": "relations.author",
  "pk": 6,
  "fields": {
    "name": "Ernest Hemingway"
  }
},
{
  "model": "relations.book",
  "pk": 1,
  "fields": {
    "title": "Die Teppichvölker",
    "author": 1
  }
},
{
  "model": "relations.book",
  "pk": 2,
  "fields": {
    "title": "Die Chroniken von Alice",
    "author": 2
  }
},
{
  "model": "relations.book",
  "pk": 3,
  "fields": {
    "title": "Das Lied der Krähen",
    "author": 3
  }
},
{
  "model": "relations.book",
  "pk": 4,
  "fields": {
    "title": "Plant Witchery",
    "author": 4
  }
},
{
  "model": "relations.book",
  "pk": 5,
  "fields": {
    "title": "Rincewind, der Zauberer",
    "author": 1
  }
},
{
  "model": "relations.book",
  "pk": 6,
  "fields": {
    "title": "The Fires of Heaven",
    "author": 5
  }
},
{
  "model": "relations.book",
  "pk": 7,
  "fields": {
    "title": "Lord of Chaos",
    "author": 5
  }
},
{
  "model": "relations.person",
  "pk": 1,
  "fields": {
    "name": "Sebastian"
  }
},
{
  "model": "relations.person",
  "pk": 2,
  "fields": {
    "name": "Juliet"
  }
},
{
  "model": "relations.person",
  "pk": 3,
  "fields": {
    "name": "Reinhard"
  }
},
{
  "model": "relations.person",
  "pk": 4,
  "fields": {
    "name": "Doris"
  }
},
{
  "model": "relations.passport",
  "pk": 1,
  "fields": {
    "pass_number": 34,
    "person": 1
  }
},
{
  "model": "relations.passport",
  "pk": 2,
  "fields": {
    "pass_number": 12,
    "person": 2
  }
},
{
  "model": "relations.passport",
  "pk": 3,
  "fields": {
    "pass_number": 50,
    "person": 3
  }
},
{
  "model": "relations.passport",
  "pk": 4,
  "fields": {
    "pass_number": 87,
    "person": 4
  }
},
{
  "model": "relations.student",
  "pk": 1,
  "fields": {
    "name": "Jacqueline"
  }
},
{
  "model": "relations.student",
  "pk": 2,
  "fields": {
    "name": "Jamin"
  }
},
{
  "model": "relations.student",
  "pk": 3,
  "fields": {
    "name": "Kristina"
  }
},
{
  "model": "relations.student",
  "pk": 4,
  "fields": {
    "name": "Robin"
  }
},
{
  "model": "relations.student",
  "pk": 5,
  "fields": {
    "name": "Maximilian"
  }
},
{
  "model": "relations.student",
  "pk": 6,
  "fields": {
    "name": "Marziyeh"
  }
},
{
  "model": "relations.student",
  "pk": 7,
  "fields": {
    "name": "Sebastian"
  }
},
{
  "model": "relations.course",
  "pk": 1,
  "fields": {
    "title": "Economics 101",
    "students": [
      1,
      2,
      4,
      6
    ]
  }
},
{
  "model": "relations.course",
  "pk": 2,
  "fields": {
    "title": "Computer Science 101",
    "students": [
      1,
      2,
      5,
      7
    ]
  }
},
{
  "model": "relations.course",
  "pk": 3,
  "fields": {
    "title": "Gender Studies",
    "students": [
      1,
      3,
      4
    ]
  }
},
{
  "model": "relations.course",
  "pk": 4,
  "fields": {
    "title": "History 101",
    "students": [
      2,
      4,
      6,
      7
    ]
  }
},
{
  "model": "relations.product",
  "pk": 1,
  "fields": {
    "name": "Topf",
    "price": "50.00"
  }
},
{
  "model": "relations.product",
  "pk": 2,
  "fields": {
    "name": "Computer",
    "price": "1500.00"
  }
},
{
  "model": "relations.product",
  "pk": 3,
  "fields": {
    "name": "Besen",
    "price": "10.00"
  }
},
{
  "model": "relations.product",
  "pk": 4,
  "fields": {
    "name": "Shampoo",
    "price": "2.00"
  }
},
{
  "model": "relations.product",
  "pk": 5,
  "fields": {
    "name": "Hose",
    "price": "100.00"
  }
},
{
  "model": "relations.category",
  "pk": 1,
  "fields": {
    "name": "Haushalt"
  }
},
{
  "model": "relations.category",
  "pk": 2,
  "fields": {
    "name": "Technik"
  }
},
{
  "model": "relations.category",
  "pk": 3,
  "fields": {
    "name": "Kleidung"
  }
},
{
  "model": "relations.between",
  "pk": 1,
  "fields": {
    "product": 1,
    "category": 1,
    "creation_date": "2025-06-03T08:32:45Z"
  }
},
{
  "model": "relations.between",
  "pk": 2,
  "fields": {
    "product": 2,
    "category": 2,
    "creation_date": "2025-06-02T06:00:00Z"
  }
},
{
  "model": "relations.between",
  "pk": 3,
  "fields": {
    "product": 3,
    "category": 1,
    "creation_date": "2025-06-04T12:00:00Z"
  }
},
{
  "model": "relations.between",
  "pk": 4,
  "fields": {
    "product": 4,
    "category": 1,
    "creation_date": "2025-06-03T08:33:26Z"
  }
},
{
  "model": "relations.between",
  "pk": 5,
  "fields": {
    "product": 5,
    "category": 3,
    "creation_date": "2025-06-03T08:33:33Z"
  }
},
{
  "model": "retro_games.retrogame",
  "pk": 2,
  "fields": {
    "title": "Goldeneye",
    "console": "n64",
    "year": 1997,
    "game_cover": "retrogames/covers/goldeneye.jpg"
  }
},
{
  "model": "retro_games.retrogame",
  "pk": 3,
  "fields": {
    "title": "Super Mario Bros.",
    "console": "nes",
    "year": 1985,
    "game_cover": "retrogames/covers/super-mario-bros.jpg"
  }
},
{
  "model": "retro_games.retrogame",
  "pk": 4,
  "fields": {
    "title": "The Legend of Zelda: A Link to the Past",
    "console": "snes",
    "year": 1992,
    "game_cover": "retrogames/covers/zelda.jpg"
  }
},
{
  "model": "retro_games.retrogame",
  "pk": 5,
  "fields": {
    "title": "Tekken 3",
    "console": "ps1",
    "year": 1998,
    "game_cover": "retrogames/covers/tekken.jpg"
  }
},
{
  "model": "retro_games.retrogame",
  "pk": 6,
  "fields": {
    "title": "Super Mario Kart",
    "console": "snes",
    "year": 1992,
    "game_cover": "retrogames/covers/mario-cart.jpg"
  }
},
{
  "model": "retro_games.retrogame",
  "pk": 7,
  "fields": {
    "title": "Pokémon Omega Ruby",
    "console": "nds",
    "year": 2014,
    "game_cover": "retrogames/covers/pokemon.jpg"
  }
}
]
